insert  into `itg_event_source`(`code`,`descr`,`from_source`,`enabled`) values ('login','user-login','user-service',1);
insert  into `itg_event_source`(`code`,`descr`,`from_source`,`enabled`) values ('signin','user-signin','self',1);

insert  into `itg_rule_set`(`rulekey`,`ruledesc`,`content`,`priority`,`effective`,`expires`,`calctype`,`score`,`version`,`create_time`,`modified_time`,`enabled`,`ruletype`) values ('rule4','rule4','package rules2\n\nimport com.rsoft.samples.model.Order\n\nrule \"add1000\"\n    no-loop true\n    lock-on-active true\n    salience 1\n    when\n        $s : Order(amout > 1000)\n    then\n        $s.setScore(1000);\n        update($s);\nend',6,'2019-07-20','2019-09-18',1,150,0,'2019-08-19','2019-08-19',1,'DRL');
insert  into `itg_rule_set`(`rulekey`,`ruledesc`,`content`,`priority`,`effective`,`expires`,`calctype`,`score`,`version`,`create_time`,`modified_time`,`enabled`,`ruletype`) values ('rule5','rule5','package rules2\n\nimport com.rsoft.samples.model.Order\n\nrule \"add1500\"\n    no-loop true\n    lock-on-active true\n    salience 1\n    when\n        $s : Order(amout > 1500)\n    then\n        $s.setScore(1500);\n        update($s);\nend',7,'2019-07-20','2019-09-18',1,150,0,'2019-08-19','2019-08-19',1,'DSL');
insert  into `itg_rule_set`(`rulekey`,`ruledesc`,`content`,`priority`,`effective`,`expires`,`calctype`,`score`,`version`,`create_time`,`modified_time`,`enabled`,`ruletype`) values ('signin01','signin','package rules2\n\nimport com.rsoft.samples.model.Order\n\nrule \"zero\"\n    no-loop true\n    lock-on-active true\n    salience 1\n    when\n        $s : Order(amout <= 100)\n    then\n        $s.setScore(0);\n        update($s);\nend',5,'2019-07-20','2019-09-18',1,150,0,'2019-08-19','2019-08-19',1,'DRL');
insert  into `itg_rule_set`(`rulekey`,`ruledesc`,`content`,`priority`,`effective`,`expires`,`calctype`,`score`,`version`,`create_time`,`modified_time`,`enabled`,`ruletype`) values ('signin02','rule2','package rules2\n\nimport com.rsoft.samples.model.Order\n\nrule \"add100\"\n    no-loop true\n    lock-on-active true\n    salience 1\n    when\n        $s : Order(amout > 100 && amout <= 500)\n    then\n        $s.setScore(100);\n        update($s);\nend',4,'2019-07-20','2019-09-18',1,150,0,'2019-08-19','2019-08-19',1,'DRL');
insert  into `itg_rule_set`(`rulekey`,`ruledesc`,`content`,`priority`,`effective`,`expires`,`calctype`,`score`,`version`,`create_time`,`modified_time`,`enabled`,`ruletype`) values ('signin03','rule3','package rules2\n\nimport com.rsoft.samples.model.Order\n\nrule \"add500\"\n    no-loop true\n    lock-on-active true\n    salience 1\n    when\n        $s : Order(amout > 500 && amout <= 1000)\n    then\n        $s.setScore(500);\n        update($s);\nend',5,'2019-07-20','2019-09-18',1,150,0,'2019-08-19','2019-08-19',1,'DRL');

insert  into `itg_rule_event_source`(`id`,`event_code`,`rulekey`) values (1,'signin','signin01');
insert  into `itg_rule_event_source`(`id`,`event_code`,`rulekey`) values (2,'signin','signin02');
insert  into `itg_rule_event_source`(`id`,`event_code`,`rulekey`) values (3,'signin','signin03');
insert  into `itg_rule_event_source`(`id`,`event_code`,`rulekey`) values (4,'login','rule4');
insert  into `itg_rule_event_source`(`id`,`event_code`,`rulekey`) values (5,'login','rule5');
